Judul Artikel,Penulis,Tahun Publikasi
"DETERMINANTS OF TETANUS TOXOID (TT) COVERAGE IN PREMARITAL: SYSTEMATIC 
REVIEW","DETERMINANTS OF TETANUS TOXOID (TT) COVERAGE IN PREMARITAL: SYSTEMATIC 
REVIEW",20212022
EFEKTIFITAS PEMANFAATAN PASIR PANTAI BERSILIKA DAN SILANE SEBAGAI PENGISI BAHAN ISOLASI RESIN EPOKSI DENGAN KOPLING AGEN VINYL SILANE DAN KOMPATIBILISER POLYETHYLENE UNTUK ISOLATOR LISTRIK,EFEKTIFITAS PEMANFAATAN PASIR PANTAI BERSILIKA DAN SILANE SEBAGAI PENGISI BAHAN ISOLASI RESIN EPOKSI DENGAN KOPLING AGEN VINYL SILANE DAN KOMPATIBILISER POLYETHYLENE UNTUK ISOLATOR LISTRIK,20212022
GAMBARAN INTENSI KEPATUHAN TERHADAP PROTOKOL PENCEGAHAN COVID19 MENUJU PERKULIAHAN TATAP MUKA PADA MAHASISWA UNIVERSITAS MUHAMMADIYAH SEMARANG  AJARAN 2021,GAMBARAN INTENSI KEPATUHAN TERHADAP PROTOKOL PENCEGAHAN COVID19 MENUJU PERKULIAHAN TATAP MUKA PADA MAHASISWA UNIVERSITAS MUHAMMADIYAH SEMARANG  AJARAN 2021,20212022
PELACAKAN BIOMARKER HPLASMODIUM PADA POPULASI KAMBING ETAWA DI DAERAH ENDEMIK MALARIA,PELACAKAN BIOMARKER HPLASMODIUM PADA POPULASI KAMBING ETAWA DI DAERAH ENDEMIK MALARIA,20202021
PENGARUH PELATIHAN BTCLS TERHADAP PENGETAHUAN KEGAWATDARURATAN MAHASISWA CALON LULUSAN PRODI DIPLOMA III KEPERAWATAN SEKOLAH TINGGI ILMU KESEHATAN MAYAPADA,PENGARUH PELATIHAN BTCLS TERHADAP PENGETAHUAN KEGAWATDARURATAN MAHASISWA CALON LULUSAN PRODI DIPLOMA III KEPERAWATAN SEKOLAH TINGGI ILMU KESEHATAN MAYAPADA,20232
PEKAN IMUNISASI NASIONAL (PIN) POLIO JAKARTA SELATAN WILAYAH CILANDAK BARAT,PEKAN IMUNISASI NASIONAL (PIN) POLIO JAKARTA SELATAN WILAYAH CILANDAK BARAT,20232
PEKAN IMUNISASI NASIONAL (PIN) POLIO JAKARTA SELATAN WILAYAH PONDOK LABU,PEKAN IMUNISASI NASIONAL (PIN) POLIO JAKARTA SELATAN WILAYAH PONDOK LABU,20232
PEKAN IMUNISASI NASIONAL (PIN) POLIO JAKARTA SELATAN WILAYAH LEBAK BULUS,PEKAN IMUNISASI NASIONAL (PIN) POLIO JAKARTA SELATAN WILAYAH LEBAK BULUS,20232
PEKAN IMUNISASI NASIONAL (PIN) POLIO JAKARTA SELATAN WILAYAH CIPETE SELATAN,PEKAN IMUNISASI NASIONAL (PIN) POLIO JAKARTA SELATAN WILAYAH CIPETE SELATAN,20232
PENDAMPINGAN PENYUSUNAN ARTIKEL ILMIAH BAGI MAHASISWA DI STIKES MAYAPADA,PENDAMPINGAN PENYUSUNAN ARTIKEL ILMIAH BAGI MAHASISWA DI STIKES MAYAPADA,20232
PENGARUH SUPERVISI KEPALA RUANGAN TERHADAP KINERJA PERAWAT PELAKSANA DI RUMAH SAKIT X JAKARTA SELATAN,PENGARUH SUPERVISI KEPALA RUANGAN TERHADAP KINERJA PERAWAT PELAKSANA DI RUMAH SAKIT X JAKARTA SELATAN,20231
THE EFFECT OF ADDITION RED BEAN FLOUR (PHASEOULUS VULGARIS) AND YELLOW PUMPKIN FLOUR (CURCUBITA MOSCHATA) ON COOKIES PRODUCTION,THE EFFECT OF ADDITION RED BEAN FLOUR (PHASEOULUS VULGARIS) AND YELLOW PUMPKIN FLOUR (CURCUBITA MOSCHATA) ON COOKIES PRODUCTION,20231
ADAPTASI DIGITAL MARKETING UMKM KOPI PRODUK MENUJU TRANSFORMASI DIGITAL DI ERA PANDEMI COVID-19,ADAPTASI DIGITAL MARKETING UMKM KOPI PRODUK MENUJU TRANSFORMASI DIGITAL DI ERA PANDEMI COVID-19,20231
EVALUASI PEMBUMIAN INSTALASI LISTRIK PADA FAKULTAS TEKNIK UNM BERDASARKAN STANDAR PUIL 2011,EVALUASI PEMBUMIAN INSTALASI LISTRIK PADA FAKULTAS TEKNIK UNM BERDASARKAN STANDAR PUIL 2011,20231
PENGEMBANGAN E-LEARNING BERBASIS MODLE PADA PEMBELAJARAN INSTALASI LISTRIK KOMERSIAL UNTUK PENDIDIKAN VOKASI,PENGEMBANGAN E-LEARNING BERBASIS MODLE PADA PEMBELAJARAN INSTALASI LISTRIK KOMERSIAL UNTUK PENDIDIKAN VOKASI,20231
PELATIHAN PEMBUATAN WEBSITE TANPA CODING DENGAN MEMANFAATKAN CONTENT MANAJEMEN SYSTEM WORDPRESS,PELATIHAN PEMBUATAN WEBSITE TANPA CODING DENGAN MEMANFAATKAN CONTENT MANAJEMEN SYSTEM WORDPRESS,20231
PELATIHAN DASAR ROBOTIKA BAGI SISWA SD DI SOROWAKO,PELATIHAN DASAR ROBOTIKA BAGI SISWA SD DI SOROWAKO,20231
TRAINING ON MAKING 3D MODELS OF AUGMENTED REALITY BASED HYDROLOGY EDUCATION TOOLS FOR TEACHERS,TRAINING ON MAKING 3D MODELS OF AUGMENTED REALITY BASED HYDROLOGY EDUCATION TOOLS FOR TEACHERS,20231
DIVERSIFIKASI OLAHAN RUMPUT LAUT SEBAGAI PRODUK UNGGULAN KHAS LUWU,DIVERSIFIKASI OLAHAN RUMPUT LAUT SEBAGAI PRODUK UNGGULAN KHAS LUWU,20231
DESAIN PEMBELAJARAN DIFERENSIASI PADA PELAJARAN FISIKA UNTUK MENINGKATKAN KREATIVITAS DAN PENGETAHUAN SISWA KELAS X,DESAIN PEMBELAJARAN DIFERENSIASI PADA PELAJARAN FISIKA UNTUK MENINGKATKAN KREATIVITAS DAN PENGETAHUAN SISWA KELAS X,20224
KURIKULUM MERDEKA BELAJAR,KURIKULUM MERDEKA BELAJAR,20223
PENGARUH GAYA KEPEMIMPINAN TERHADAP KINERJA KERJA KARYAWAN DIKTATOR DESA DARAT PANTAI KECAMATAN TALIBURA,PENGARUH GAYA KEPEMIMPINAN TERHADAP KINERJA KERJA KARYAWAN DIKTATOR DESA DARAT PANTAI KECAMATAN TALIBURA,20223
REFLEKSI FILOSOFIS TERHADAP CASE LAW: ”LES MISERABLES JEAN VALJEAN CASE,REFLEKSI FILOSOFIS TERHADAP CASE LAW: ”LES MISERABLES JEAN VALJEAN CASE,20223
ANALISIS SISTEM AKUNTANSI PENERIMAAN DAN PENGELUARAN BARANG JAMINAN PADA PT. PEGADAIAN (PERSERO) CABANG TOBELO,ANALISIS SISTEM AKUNTANSI PENERIMAAN DAN PENGELUARAN BARANG JAMINAN PADA PT. PEGADAIAN (PERSERO) CABANG TOBELO,20223
PARTISIPASI ATAU RENCANA MASYARAKAT DALAM PEMBANGUNAN DI DESA PUAO KECAMATAN WASILE TENGAH KABUPATEN HALMAHERA TIMUR,PARTISIPASI ATAU RENCANA MASYARAKAT DALAM PEMBANGUNAN DI DESA PUAO KECAMATAN WASILE TENGAH KABUPATEN HALMAHERA TIMUR,20223
THE EFFECT OF PORT ACTIVITY ON PNBP PORT DEPOSITS (A STUDY AT THE TOBELO CLASS I UPPOFFICE 2018–2022),THE EFFECT OF PORT ACTIVITY ON PNBP PORT DEPOSITS (A STUDY AT THE TOBELO CLASS I UPPOFFICE 2018–2022),20223
THE APPLICATION OF BLENDED LEARNING MODEL IN IMPROVING ENGLISH LANGUAGE LEARNING ACHIEVEMENT OF GRADE VIII AT SMP 5 DUMOGA,THE APPLICATION OF BLENDED LEARNING MODEL IN IMPROVING ENGLISH LANGUAGE LEARNING ACHIEVEMENT OF GRADE VIII AT SMP 5 DUMOGA,20223
PRAKTIK AKUNTANSI PADA UMKM PABRIK TAHU TEMPE DI KOTA TOBELO,PRAKTIK AKUNTANSI PADA UMKM PABRIK TAHU TEMPE DI KOTA TOBELO,20223
EFEKTIVITAS PENGENDALIAN INTERN DAN KOMPETENSI SUMBER DAYA MANUSIA TERHADAP IMPLEMENTASI GOOD GOVERNANCE,EFEKTIVITAS PENGENDALIAN INTERN DAN KOMPETENSI SUMBER DAYA MANUSIA TERHADAP IMPLEMENTASI GOOD GOVERNANCE,20223
SUATU KAJIAN HUKUM FEMINIS TERHADAP POLIGAMI DALAM PERPEKTIF HUKUM ISLAM DAN HUKUM PERKAWINAN,SUATU KAJIAN HUKUM FEMINIS TERHADAP POLIGAMI DALAM PERPEKTIF HUKUM ISLAM DAN HUKUM PERKAWINAN,20223
"AKIBAT HUKUM MERGER BANK SYARIAH MANDIRI, BRI SYARIAH, DAN BNI SYARIAH","AKIBAT HUKUM MERGER BANK SYARIAH MANDIRI, BRI SYARIAH, DAN BNI SYARIAH",20223
PENGELOLAAN KEUANGAN DI SEKRETARIAT DEWAN PERWAKILAN RAKYAT DAERAH KABUPATEN HALMAHERA UTARA,PENGELOLAAN KEUANGAN DI SEKRETARIAT DEWAN PERWAKILAN RAKYAT DAERAH KABUPATEN HALMAHERA UTARA,20223
PENGARUH PELAKSANAAN PEER LEARNING TERHADAP PENINGKATAN PENGETAHUAN MAHASISWA D3 KEPERAWATAN TENTANG KONSEP KEPERAWATAN MEDIKAL BEDAH,PENGARUH PELAKSANAAN PEER LEARNING TERHADAP PENINGKATAN PENGETAHUAN MAHASISWA D3 KEPERAWATAN TENTANG KONSEP KEPERAWATAN MEDIKAL BEDAH,20222
PERTUMBUHAN & PERKEMBANGAN ANAK DENGAN KANKER USIA PRASEKOLAH (TINJAUAN STUDI KASUS),PERTUMBUHAN & PERKEMBANGAN ANAK DENGAN KANKER USIA PRASEKOLAH (TINJAUAN STUDI KASUS),20222
PEMBERDAYAAN ORANG TUA DAN PENDAMPING ANAK DALAM PEMERIKSAAN TUMBANG ANAK,PEMBERDAYAAN ORANG TUA DAN PENDAMPING ANAK DALAM PEMERIKSAAN TUMBANG ANAK,20222
STRATEGY IN TEACHING ENGLISH VOCABULARY,STRATEGY IN TEACHING ENGLISH VOCABULARY,20222
PERANCANGAN MEDIA PEMBELAJARAN INTERAKTIF MATA KULIAH PERALATAN TEKNIK,PERANCANGAN MEDIA PEMBELAJARAN INTERAKTIF MATA KULIAH PERALATAN TEKNIK,20222
ANALISA PRODUKTIVITAS TENAGA KERJA PADA PEMASANGAN TIANG LAMPU LED PROYEK PEMBANGUNAN RATONA SIRKUIT MOTOR SPORT PALOPO,ANALISA PRODUKTIVITAS TENAGA KERJA PADA PEMASANGAN TIANG LAMPU LED PROYEK PEMBANGUNAN RATONA SIRKUIT MOTOR SPORT PALOPO,20222
ANALISIS PERBANDINGAN METODE BORNHUETTER DAN BENKTANDER HOVINEN PADA ESTIMASI KEMUNCULAN KLAIM PERUSAHAAN ASURANSI KOTA PALOPO,ANALISIS PERBANDINGAN METODE BORNHUETTER DAN BENKTANDER HOVINEN PADA ESTIMASI KEMUNCULAN KLAIM PERUSAHAAN ASURANSI KOTA PALOPO,20222
STUDI DROP TEGANGAN SISTEM DISTRIBUSI PADA PENYULANG GHSM DI PT PLN  (PERSERO) RAYON SUNGGUMINASA,STUDI DROP TEGANGAN SISTEM DISTRIBUSI PADA PENYULANG GHSM DI PT PLN  (PERSERO) RAYON SUNGGUMINASA,20222
PENGEMBANGAN SISTEM KOMUNIKASI LAUT DENGAN WIRELESS SENSOR NETWORK AKUSTIK UNTUK MENDETEKSI OBJEK-OBJEK DI PERMUKAAN LAUT,PENGEMBANGAN SISTEM KOMUNIKASI LAUT DENGAN WIRELESS SENSOR NETWORK AKUSTIK UNTUK MENDETEKSI OBJEK-OBJEK DI PERMUKAAN LAUT,20222
ETNOBOTANI: NILAI EKONOMI PEMANFAATAN PISANG (MUSA SP) BERBASIS KEARIFAN LOKAL PADA MASYRAKAT DESA PUUNDOHO KECAMATAN PAKUE UTARA,ETNOBOTANI: NILAI EKONOMI PEMANFAATAN PISANG (MUSA SP) BERBASIS KEARIFAN LOKAL PADA MASYRAKAT DESA PUUNDOHO KECAMATAN PAKUE UTARA,20222
PENGARUH GERAKAN STRETCHING TERHADAP KELUHAN MSDS PADA PETANI RUMPUT LAUT DI KELURAHAN TAKKALALA KOTA PALOPO,PENGARUH GERAKAN STRETCHING TERHADAP KELUHAN MSDS PADA PETANI RUMPUT LAUT DI KELURAHAN TAKKALALA KOTA PALOPO,20222
PERANCANGAN TEACHING AIDS BASIC TRANSISTOR UNTUK LABORATORIUM ATIDP,PERANCANGAN TEACHING AIDS BASIC TRANSISTOR UNTUK LABORATORIUM ATIDP,20222
THE IMPACT OF HIGER EDUCATION-INDUSTRY (UI) COLLABORATION ON INNOVATION EFFICIENCY,THE IMPACT OF HIGER EDUCATION-INDUSTRY (UI) COLLABORATION ON INNOVATION EFFICIENCY,20222
PENINGKATAN PEMAHAMAN KURIKULUM MERDEKA PADA,PENINGKATAN PEMAHAMAN KURIKULUM MERDEKA PADA,20222
KOMITE PEMBELAJARAN SEKOLAH PENGGERAK MELALUI PELATIHAN DENGAN METODE MERRDEKA,KOMITE PEMBELAJARAN SEKOLAH PENGGERAK MELALUI PELATIHAN DENGAN METODE MERRDEKA,20222
IMPLEMENTASI MEDIA PEMBELAJARAN INTERAKTIF MATA KULIAH PERALATAN TEKNIK,IMPLEMENTASI MEDIA PEMBELAJARAN INTERAKTIF MATA KULIAH PERALATAN TEKNIK,20222
SOSIALISASI PENINGKATAN PENERAPAN KESEHATAN DAN KESELAMATAN KERJA (K3) KONSTRUKSI PADA PROYEK PEMBANGUNAN MASJID AL-HIDAYAH SALOLO KOTA PALOPO,SOSIALISASI PENINGKATAN PENERAPAN KESEHATAN DAN KESELAMATAN KERJA (K3) KONSTRUKSI PADA PROYEK PEMBANGUNAN MASJID AL-HIDAYAH SALOLO KOTA PALOPO,20222
SOSIALISASI ALAT MONITORING KEHADIRAN WARGA JEMAAT DALAM IBADAH HARI MINGGU DI GEREJA TORAJA JEMAAT TAMATIKU,SOSIALISASI ALAT MONITORING KEHADIRAN WARGA JEMAAT DALAM IBADAH HARI MINGGU DI GEREJA TORAJA JEMAAT TAMATIKU,20222
PELATIHAN PENULISAN DAN PUBLIKASI KARYA ILMIAH BAGI GURU SMA NEG. 1 PAKUE KOLAKA UTARA,PELATIHAN PENULISAN DAN PUBLIKASI KARYA ILMIAH BAGI GURU SMA NEG. 1 PAKUE KOLAKA UTARA,20222
PERANCANGAN PLTMH TURBIN ASCHIMEDES SCREW PADA KAWASAN PEDESAAN TERPENCIL DUSUN CINDAKKO DESA BONTO SOMBA KEC. TOMPOBULU KAB. MAROS,PERANCANGAN PLTMH TURBIN ASCHIMEDES SCREW PADA KAWASAN PEDESAAN TERPENCIL DUSUN CINDAKKO DESA BONTO SOMBA KEC. TOMPOBULU KAB. MAROS,20222
PELATIHAN PEMROGRAMAN CNC UNTUK MENINGKATKAN KOMPETENSI GURU SMK,PELATIHAN PEMROGRAMAN CNC UNTUK MENINGKATKAN KOMPETENSI GURU SMK,20222
PENDAMPINGAN PEMBELAJARAN BERDEFERENSIASI PADA KELOMPOK BELAJAR SEKOLAH PENGGERAK KOTA PALOPO,PENDAMPINGAN PEMBELAJARAN BERDEFERENSIASI PADA KELOMPOK BELAJAR SEKOLAH PENGGERAK KOTA PALOPO,20222
THE CORRELATION BETWEEN CIVIL ENGINEERING STUDENT LEARNING MOTIVATION AND VOCABULARY MASTERY AT POLITEKNIK DEAWANTARA PALOPO,THE CORRELATION BETWEEN CIVIL ENGINEERING STUDENT LEARNING MOTIVATION AND VOCABULARY MASTERY AT POLITEKNIK DEAWANTARA PALOPO,20221
PERANCANGAN AUGMENTED REALITY 3D SEBAGAI MEDIA PEMBELAJARAN BAHASA ISYARAT,PERANCANGAN AUGMENTED REALITY 3D SEBAGAI MEDIA PEMBELAJARAN BAHASA ISYARAT,20221
"PENGARUH MODEL PEMBELAJARAN KOOPERATIF TIPE SOMATIC, AUDITORY, VISUALIZATION, INTELECTUAL (SAVI) TERHADAP MINAT UNTUK PENINGKATAN HASIL BELAJAR MATEMATIKA","PENGARUH MODEL PEMBELAJARAN KOOPERATIF TIPE SOMATIC, AUDITORY, VISUALIZATION, INTELECTUAL (SAVI) TERHADAP MINAT UNTUK PENINGKATAN HASIL BELAJAR MATEMATIKA",20221
PENERAPAN PENGGUNAAN ALAT PELINDUNG DIRI PADA PEKERJAAN SURVEY LOKASI,PENERAPAN PENGGUNAAN ALAT PELINDUNG DIRI PADA PEKERJAAN SURVEY LOKASI,20221
STUDI GANGGUAN SISTEM DISTRIBUSI SALURAN UDARA TEGANGAN MENENGAH (SUTM) PENYULANG RINDAM DI PT PLN PERSERO RAYON SUNGGUMINASA,STUDI GANGGUAN SISTEM DISTRIBUSI SALURAN UDARA TEGANGAN MENENGAH (SUTM) PENYULANG RINDAM DI PT PLN PERSERO RAYON SUNGGUMINASA,20221
TRANSAKSI DATA SECURITY MENGGUNAKAN DES ALGORITHM DALAM KRIPTOGRAFI,TRANSAKSI DATA SECURITY MENGGUNAKAN DES ALGORITHM DALAM KRIPTOGRAFI,20221
GREEN SYNTHESIS NANOPARTIKEL FE3O4 BERBASIS PASIR ALAM SEBAGAI DEGRADATOR LIMBAH CAIR DENGAN METODE ELEKTROKOAGULASI,GREEN SYNTHESIS NANOPARTIKEL FE3O4 BERBASIS PASIR ALAM SEBAGAI DEGRADATOR LIMBAH CAIR DENGAN METODE ELEKTROKOAGULASI,20221
OCCUPATIONAL HEALTH AND SAFETY KNOWLEDGE ON BEHAVIORAL AWARENESS AT MECHANICAL ENGINEERING LABORATORY UNIVERSITAS NEGERI MAKASSAR,OCCUPATIONAL HEALTH AND SAFETY KNOWLEDGE ON BEHAVIORAL AWARENESS AT MECHANICAL ENGINEERING LABORATORY UNIVERSITAS NEGERI MAKASSAR,20221
READINESS GAPS ON HIGHER EDUCATION IN RURAL AREA FOR RAPIDLY CHANGING CURRICULUM IN INDONESIA AND HOW ITS AFFECT THE SUSTAINABLE DEVELOPMENT GOALS.,READINESS GAPS ON HIGHER EDUCATION IN RURAL AREA FOR RAPIDLY CHANGING CURRICULUM IN INDONESIA AND HOW ITS AFFECT THE SUSTAINABLE DEVELOPMENT GOALS.,20221
DEVELOPMENT OF STUDENT CENTER LEARNING APPROACH IN LEARNING ENGLISH FOR ENGINEERING STUDENT THROUGH LESSON STUDY ACTIVITIES,DEVELOPMENT OF STUDENT CENTER LEARNING APPROACH IN LEARNING ENGLISH FOR ENGINEERING STUDENT THROUGH LESSON STUDY ACTIVITIES,20221
PERANCANGAN ASET VISUAL MATERI AJAR UNTUK GURU SMP 1 BONE-BONE,PERANCANGAN ASET VISUAL MATERI AJAR UNTUK GURU SMP 1 BONE-BONE,20221
IMPLEMENTASI AUGMENTER REALITY 3D SEBAGAI MEDIA PEMBELAJARAN BAHASA ISYARAT DI SLBN 1 PALOPO,IMPLEMENTASI AUGMENTER REALITY 3D SEBAGAI MEDIA PEMBELAJARAN BAHASA ISYARAT DI SLBN 1 PALOPO,20221
DESA MANDIRI PANGAN MELALUI PROGRAM PERTANIAN TERINTEGRASI,DESA MANDIRI PANGAN MELALUI PROGRAM PERTANIAN TERINTEGRASI,20221
KEGIATAN AKSI BERSIH-BERSIH BERSAMA MASYARAKAT DI KOTA PALOPO,KEGIATAN AKSI BERSIH-BERSIH BERSAMA MASYARAKAT DI KOTA PALOPO,20221
PELATIHAN PEMBUATAN AKUN CANVA SEBAGAI APLIKASI PENYUSUNAN LEMBAR KERJA MATEMATIKA SISWA PADA GURU TK AL-AZIZI DI KECAMATAN SOREANG,PELATIHAN PEMBUATAN AKUN CANVA SEBAGAI APLIKASI PENYUSUNAN LEMBAR KERJA MATEMATIKA SISWA PADA GURU TK AL-AZIZI DI KECAMATAN SOREANG,20221
WORKSHOP PEMBUATAN MEDIA PEMBALAJARAN BERBASIS ANIMASI MENGGUNAKAN ADOBE ANIMATE DI SMKN 1 MAKASSAR,WORKSHOP PEMBUATAN MEDIA PEMBALAJARAN BERBASIS ANIMASI MENGGUNAKAN ADOBE ANIMATE DI SMKN 1 MAKASSAR,20221
SOSIALISASI PENGGUNAAN APLIKASI ITK-POLRI EKSTERNAL,SOSIALISASI PENGGUNAAN APLIKASI ITK-POLRI EKSTERNAL,20221
"SOSIALISASI PENGEMBANGAN DAN PENINGKATAN MUTU UMKM DESA MURANTE, KEC. SULI KAB. LUWU","SOSIALISASI PENGEMBANGAN DAN PENINGKATAN MUTU UMKM DESA MURANTE, KEC. SULI KAB. LUWU",20221
PELATIHAN PEMBUATAN MESIN PRES PNEUMATIK,PELATIHAN PEMBUATAN MESIN PRES PNEUMATIK,20221
REVITALISASI PENGETAHUAN ADAB ETIKA DAN MENTAL DALAM LATIHAN DASAR KEPEMIMPINAN SISWA PADA SMAN 15 LUWU,REVITALISASI PENGETAHUAN ADAB ETIKA DAN MENTAL DALAM LATIHAN DASAR KEPEMIMPINAN SISWA PADA SMAN 15 LUWU,20221
PKM PENERAPAN GAME EDUKASI DALAM PEMBELAJARAN TATAP MUKA TERBATAS DI TKA IPIMAC CICALENGKA,PKM PENERAPAN GAME EDUKASI DALAM PEMBELAJARAN TATAP MUKA TERBATAS DI TKA IPIMAC CICALENGKA,20221
IMPROVING SPEAKING ABILITY TROUGH ICE BREAKER AT THE MECHANICAL ENGINEERING STUDENT IN POLITEKNIK DEWANTARA PALOPO,IMPROVING SPEAKING ABILITY TROUGH ICE BREAKER AT THE MECHANICAL ENGINEERING STUDENT IN POLITEKNIK DEWANTARA PALOPO,20212
RESPON PERTUMBUHAN DAN HASIL TANAMAN KACANG TANAH (ARACHIS PHYPOGAEA L) TERHADAP PEMBERIAN PUPUK BOKASHI JERAMI PADI,RESPON PERTUMBUHAN DAN HASIL TANAMAN KACANG TANAH (ARACHIS PHYPOGAEA L) TERHADAP PEMBERIAN PUPUK BOKASHI JERAMI PADI,20212
"DESAIN SIMULASI ANTENA MIKROSTRIP 2,3 GHZ UNTUK APLIKASI WIMAX 802.16E","DESAIN SIMULASI ANTENA MIKROSTRIP 2,3 GHZ UNTUK APLIKASI WIMAX 802.16E",20212
EFEKTIVITAS METODE IMPROVE DALAM PEMBELAJARAN,EFEKTIVITAS METODE IMPROVE DALAM PEMBELAJARAN,20212
ANALISIS HUBUNGAN STRESS KERJA DENGAN KELUHAN MUSKULOSKELETAL TERHADAP KINERJA KARYAWAN,ANALISIS HUBUNGAN STRESS KERJA DENGAN KELUHAN MUSKULOSKELETAL TERHADAP KINERJA KARYAWAN,20212
EFEKTIVITAS ASAP CAIR DARI LIMBAH CANGKANG SAAWIT SEBAGAI INSEKTISIDA DALAM MEMBUNUH HAMA ULAT PADA TANAMAN BAWANG,EFEKTIVITAS ASAP CAIR DARI LIMBAH CANGKANG SAAWIT SEBAGAI INSEKTISIDA DALAM MEMBUNUH HAMA ULAT PADA TANAMAN BAWANG,20212
PERANCANGAN ALAT PIROLISIS UNTUK PENGOLAHAN LIMBAH PADA CANGKANG KELAPA SAWIT MENJADI LIQUID SMOKE,PERANCANGAN ALAT PIROLISIS UNTUK PENGOLAHAN LIMBAH PADA CANGKANG KELAPA SAWIT MENJADI LIQUID SMOKE,20212
RANCANG BANGUN GAME EDUKASI MENGENAL PENDIDIKAN KEWARGANEGARAAN BERBASIS MOBILE,RANCANG BANGUN GAME EDUKASI MENGENAL PENDIDIKAN KEWARGANEGARAAN BERBASIS MOBILE,20212
EVALUASI INSTALASI LISTRIK GEDUNG PERKANTORAN DENGAN METODE STANDARISASI PUIL 2011,EVALUASI INSTALASI LISTRIK GEDUNG PERKANTORAN DENGAN METODE STANDARISASI PUIL 2011,20212
COMPLIANCE TEST OF X-RAY BEAM QUALITY USING HVL PARAMETER ON DIGITAL,COMPLIANCE TEST OF X-RAY BEAM QUALITY USING HVL PARAMETER ON DIGITAL,20212
LOW-COST LABORATORY: MODIFIKASI ALAT PERAGA SYSTEM KELISTRIKAN LAMPU BODI OTOMOTIF UNTUK PEMBELAJARAN KOMPONEN OTOMOTIF DI SEKOLAH MENENGAH KEJURUAN,LOW-COST LABORATORY: MODIFIKASI ALAT PERAGA SYSTEM KELISTRIKAN LAMPU BODI OTOMOTIF UNTUK PEMBELAJARAN KOMPONEN OTOMOTIF DI SEKOLAH MENENGAH KEJURUAN,20212
COLLABORATION BETWEEN ENGLISH LECTURER AND ENGINEERING LECTURER TO DESIGN ENGLISH LESON FOR ENGINEERING STUDENTS THROUGH LESSON STUDY,COLLABORATION BETWEEN ENGLISH LECTURER AND ENGINEERING LECTURER TO DESIGN ENGLISH LESON FOR ENGINEERING STUDENTS THROUGH LESSON STUDY,20212
PELATIHAN PEMBUATAN KONTEN DIGITAL UNTUK MENDUKUNG PROSES PEMBELAJARAN BAGI GURU SMA 4 LUWU UTARA,PELATIHAN PEMBUATAN KONTEN DIGITAL UNTUK MENDUKUNG PROSES PEMBELAJARAN BAGI GURU SMA 4 LUWU UTARA,20212
EDUKASI PENTINGNYA KESADARAN TERHADAP PENCEMARAN DI PESISIR PANTAI KAYUANGIN KEC. SAMATURU KOLAKA,EDUKASI PENTINGNYA KESADARAN TERHADAP PENCEMARAN DI PESISIR PANTAI KAYUANGIN KEC. SAMATURU KOLAKA,20212
PELATIHAN PENGOLAHAN LIMBAH PLASTIK MENJADI BAHAN BAKAR MINYAK DI KEC. MALILI KAB. LUWU TIMUR,PELATIHAN PENGOLAHAN LIMBAH PLASTIK MENJADI BAHAN BAKAR MINYAK DI KEC. MALILI KAB. LUWU TIMUR,20212
IMPLEMENTASI GAME EDUKASI MEGENAL PENDIDIKAN KEWARGANEGARAAN BERBASIS MOBILE,IMPLEMENTASI GAME EDUKASI MEGENAL PENDIDIKAN KEWARGANEGARAAN BERBASIS MOBILE,20212
PELATIHAN MANAJEMEN BENGKEL BAGI TEKNISI BENGKEL DAN LABORAN DI SMK,PELATIHAN MANAJEMEN BENGKEL BAGI TEKNISI BENGKEL DAN LABORAN DI SMK,20212
PELATIHAN PUBLIC SPEAKING DI SMK ANALIS MANDALA BHAKTI,PELATIHAN PUBLIC SPEAKING DI SMK ANALIS MANDALA BHAKTI,20212
PENGARUH LIMBAH AMPAS SAGU TERHADAP PERTUMBUHAN DAN HASIL TANAMAN KACANG TANAH (ARACHIS HYPOGAEA L),PENGARUH LIMBAH AMPAS SAGU TERHADAP PERTUMBUHAN DAN HASIL TANAMAN KACANG TANAH (ARACHIS HYPOGAEA L),20211
PENINGKATAN HASIL BELAJAR SISWA MENGGUNAKAN MODEL PEMBELAJARAN KOOPERATIF TIPE NUMBERED HEAD TOGETHER,PENINGKATAN HASIL BELAJAR SISWA MENGGUNAKAN MODEL PEMBELAJARAN KOOPERATIF TIPE NUMBERED HEAD TOGETHER,20211
HUBUNGAN SIKAPKERJA DENGAN KELUHAN MUSKULOSKELETAL TERHADAP KINERJA KARYAWAN PT MARUKI INTERNASIONAL INDONESIA MAKASSAR,HUBUNGAN SIKAPKERJA DENGAN KELUHAN MUSKULOSKELETAL TERHADAP KINERJA KARYAWAN PT MARUKI INTERNASIONAL INDONESIA MAKASSAR,20211
OPTIMALISASI KADAR ASAM ASETAT ANANAS COMOSUS DENGAN PENAMBAHAN INDUK CUKA,OPTIMALISASI KADAR ASAM ASETAT ANANAS COMOSUS DENGAN PENAMBAHAN INDUK CUKA,20211
ANALISA PENGARUH ASK CONTENT TERHADAP NILAI KALOR BATUBARA PADA PT TRIBHAKTI,ANALISA PENGARUH ASK CONTENT TERHADAP NILAI KALOR BATUBARA PADA PT TRIBHAKTI,20211
EVALUASI PERFORMANCE REGENERASI MIXED BED POLUTER PADA UNIT DEMINERALISASI,EVALUASI PERFORMANCE REGENERASI MIXED BED POLUTER PADA UNIT DEMINERALISASI,20211
EVALUASI TATA GUNA LAHAN DISTRIK AIMAS KABUPATEN SORONG DENGAN MENGGUNAKAN ARCGIS MAP,EVALUASI TATA GUNA LAHAN DISTRIK AIMAS KABUPATEN SORONG DENGAN MENGGUNAKAN ARCGIS MAP,20211
KAJIAN TINGKAT KEBISINGAN DI KAWASAN PENDIDIKAN SMPN 5 KOTA SORONG,KAJIAN TINGKAT KEBISINGAN DI KAWASAN PENDIDIKAN SMPN 5 KOTA SORONG,20211
ANALISIS PENDEKATAN ARSITEKTUR DALAM PERENCANAAN STASIUN RADIO REPUBLIK INDONESIA (RRI) NUSANTARA IV MAKASSAR,ANALISIS PENDEKATAN ARSITEKTUR DALAM PERENCANAAN STASIUN RADIO REPUBLIK INDONESIA (RRI) NUSANTARA IV MAKASSAR,20211
TINDAK TUTOR ILOKUSI PADA PROSES PEMBELAJARAN BAHASA INGGRIS,TINDAK TUTOR ILOKUSI PADA PROSES PEMBELAJARAN BAHASA INGGRIS,20211
RANCANG BANGUN MODUL DIODA AND RECTIFIER,RANCANG BANGUN MODUL DIODA AND RECTIFIER,20211
SIMULASI DAN ANALISIS NUMERIK ORBIT PLANET DENGAN MATLAB,SIMULASI DAN ANALISIS NUMERIK ORBIT PLANET DENGAN MATLAB,20211
KAJI EKSPERIMEN MASSA REFERIGERANT TERHADAP OPTIMALISASI FUNGSI AC PADA KENDARAAN INOVA DIESEL 2008,KAJI EKSPERIMEN MASSA REFERIGERANT TERHADAP OPTIMALISASI FUNGSI AC PADA KENDARAAN INOVA DIESEL 2008,20211
"OCCUPATIONAL HEALTH AND SAFETY KNOWLEDGE ON BEHAVIORAL AWARENESS AT MECHANICAL ENGINEERING LABORATORY, UNIVERSITAS NEGERI MAKASSAR","OCCUPATIONAL HEALTH AND SAFETY KNOWLEDGE ON BEHAVIORAL AWARENESS AT MECHANICAL ENGINEERING LABORATORY, UNIVERSITAS NEGERI MAKASSAR",20211
STUDENTS UNDERSTANDING OF PLAGIARISM IN ACADEMIC WRITING: INDONESIAN CONTEXT,STUDENTS UNDERSTANDING OF PLAGIARISM IN ACADEMIC WRITING: INDONESIAN CONTEXT,20211
PENGGUNAAN MEDIA WORD WALL DALAM PENINGKATAN KETERTARIKAN MAHASISWA TEKNIK ELEKTONIKA BELAJAR BAHASA INGGRIS,PENGGUNAAN MEDIA WORD WALL DALAM PENINGKATAN KETERTARIKAN MAHASISWA TEKNIK ELEKTONIKA BELAJAR BAHASA INGGRIS,20211
OPTIMALISASI PENGELOLAAN LABORATORIUM DI SMK DEWANTARA,OPTIMALISASI PENGELOLAAN LABORATORIUM DI SMK DEWANTARA,20211
PENGEMBANGAN DESA EKOWISATA BERBASIS HUTAN MANGROVE MELALUI PENGEMBANGAN PRODUK INOVATIF DAN PEMANFAATAN DIGITAL MARKETING,PENGEMBANGAN DESA EKOWISATA BERBASIS HUTAN MANGROVE MELALUI PENGEMBANGAN PRODUK INOVATIF DAN PEMANFAATAN DIGITAL MARKETING,20211
EDUKASI MENGENAO PENTINGNYA DATA SCIENCE UNTUK MASA DEPAN,EDUKASI MENGENAO PENTINGNYA DATA SCIENCE UNTUK MASA DEPAN,20211
SOSIALISASI PENGGUNAAN TEKNOLOGI SMART TRASHER DALAM MANAJEMEN SISTEM PENGELOLAAN SAMPAH DI SMAN 4 PALOPO,SOSIALISASI PENGGUNAAN TEKNOLOGI SMART TRASHER DALAM MANAJEMEN SISTEM PENGELOLAAN SAMPAH DI SMAN 4 PALOPO,20211
PELATIHAN WEB BLOG BAGI GURU-GURU SMKN 7 PALOPO,PELATIHAN WEB BLOG BAGI GURU-GURU SMKN 7 PALOPO,20211
SOSIALISASI PERILAKU HIDUP BERSIH DAN SEHAT PADA ANAK PANTI ASUHAN BABUL JANNAH DI MASA PANDEMI COVID 19,SOSIALISASI PERILAKU HIDUP BERSIH DAN SEHAT PADA ANAK PANTI ASUHAN BABUL JANNAH DI MASA PANDEMI COVID 19,20211
RESPON PERTUMBUHAN DAN HASIL TANAMAN TOMAT (LYCOPERSICUM ESCULENTUM MILL) TERHADAP PEMBERIAN MIKROORGANISME LOKAL (MOL) BONGGOL PISANG,RESPON PERTUMBUHAN DAN HASIL TANAMAN TOMAT (LYCOPERSICUM ESCULENTUM MILL) TERHADAP PEMBERIAN MIKROORGANISME LOKAL (MOL) BONGGOL PISANG,20202
"KARAKTERISASI FISIKA, KIMIA, DAN ORGANOLEPTIK PASTA COKLAT PADA BERBAGAI KONDISI PENYANGRAIAN BIJI COCOA DENGAN TYPE MESIN BATCH.","KARAKTERISASI FISIKA, KIMIA, DAN ORGANOLEPTIK PASTA COKLAT PADA BERBAGAI KONDISI PENYANGRAIAN BIJI COCOA DENGAN TYPE MESIN BATCH.",20202
DESAIN DAN SIMULASI ANTENA YAGI-UDA UNTUK APLIKASI RADAR MARITIM PADA FREKUENSI 28 MHZ,DESAIN DAN SIMULASI ANTENA YAGI-UDA UNTUK APLIKASI RADAR MARITIM PADA FREKUENSI 28 MHZ,20202
PENDETEKSIAN TEPI CITRA DIGITAL BERWARNA MENGGUNAKAN SOBEL MASK YANG DITINGKATKAN DAN MEDIAN FILTER,PENDETEKSIAN TEPI CITRA DIGITAL BERWARNA MENGGUNAKAN SOBEL MASK YANG DITINGKATKAN DAN MEDIAN FILTER,20202
MANAJEMEN RESIKO DI PT MARUKI INTERNASIONAL INDONESIA MAKASSAR (HIRARC),MANAJEMEN RESIKO DI PT MARUKI INTERNASIONAL INDONESIA MAKASSAR (HIRARC),20202
"STRUKTUR MIKRO, SPEKTRA SERAPAN, DAN SIFAT MAGNETIK NANOPARTIKE CORE-SHELL FE3O4@AG UNTUK MENINGKATKAN SENSITIVITAS SENSOR SURFACE PLASMON RESONANCE (SPR)","STRUKTUR MIKRO, SPEKTRA SERAPAN, DAN SIFAT MAGNETIK NANOPARTIKE CORE-SHELL FE3O4@AG UNTUK MENINGKATKAN SENSITIVITAS SENSOR SURFACE PLASMON RESONANCE (SPR)",20202
EVALUASI SISTEM PROTEKSI PADA JARINGAN TEGANGAN MENENGAH KABUPATEN KEPULAUAN SELAYAR,EVALUASI SISTEM PROTEKSI PADA JARINGAN TEGANGAN MENENGAH KABUPATEN KEPULAUAN SELAYAR,20202
STUDI TREN PADA TEMA DAN METODE PENELITIAN MAHASISWA BAHASA INGGRIS,STUDI TREN PADA TEMA DAN METODE PENELITIAN MAHASISWA BAHASA INGGRIS,20202
SIMULASI NUMERIK KINERJA SISTEM PENDINGIN TRAILING-EDGE PADA SUDU TURBIN GAS,SIMULASI NUMERIK KINERJA SISTEM PENDINGIN TRAILING-EDGE PADA SUDU TURBIN GAS,20202
SISTEM PENGUKURAN TEKANAN GAS DIGITAL MENGGUNAKAN SENSOR MPX5700 BERBASIS IOT,SISTEM PENGUKURAN TEKANAN GAS DIGITAL MENGGUNAKAN SENSOR MPX5700 BERBASIS IOT,20202
RANCANG BANGUN MODUL LABORATORY DUAL VOLTAGE POWER SUPPLY,RANCANG BANGUN MODUL LABORATORY DUAL VOLTAGE POWER SUPPLY,20202
ANALISIS POISSON BRACKET DAN PERSAMAAN HAMILTON-JACOBI PADA HUKUM MEKANIKA KLASIK MELALUI PENERAPAN TRANSFORMASI KANONIK,ANALISIS POISSON BRACKET DAN PERSAMAAN HAMILTON-JACOBI PADA HUKUM MEKANIKA KLASIK MELALUI PENERAPAN TRANSFORMASI KANONIK,20202
PENGGUNAAN PERANGKAT PEMBELAJARAN DALAM MATA PELAJARAN MEKANIKA TEKNIK DAN ELEMEN MESIN DI SMKN 2 PALOPO,PENGGUNAAN PERANGKAT PEMBELAJARAN DALAM MATA PELAJARAN MEKANIKA TEKNIK DAN ELEMEN MESIN DI SMKN 2 PALOPO,20202
MINAT MAHASISWA MEMPELAJARI KOSAKATA BAHASA INGGRIS UNTUK TEKNIK MENGGUNAKAN YOUTUBE,MINAT MAHASISWA MEMPELAJARI KOSAKATA BAHASA INGGRIS UNTUK TEKNIK MENGGUNAKAN YOUTUBE,20202
PENDAMPINGAN OPTIMALISASI PENGELOLAAN LABORATORIUM IPA PADA SMKS ANALIS MANDALA BHAKTI PALOPO,PENDAMPINGAN OPTIMALISASI PENGELOLAAN LABORATORIUM IPA PADA SMKS ANALIS MANDALA BHAKTI PALOPO,20202
"EDUKASI KESEHATAN REPRODUKSI REMAJA DAN BAHAYA SEX BEBAS DI MADRASAH ALIYAH AS'ADIYAH LAPAI KEC. NGAPA, KOLAKA UTARA","EDUKASI KESEHATAN REPRODUKSI REMAJA DAN BAHAYA SEX BEBAS DI MADRASAH ALIYAH AS'ADIYAH LAPAI KEC. NGAPA, KOLAKA UTARA",20202
PENYUSUNAN DAN SOSIALISASI REKOMENDASI PEMUPUKAN UNTUK TANAMAN KAKAO DI PERKEBUNAN KAKAO RAKYAT KAB. LUWU UTARA,PENYUSUNAN DAN SOSIALISASI REKOMENDASI PEMUPUKAN UNTUK TANAMAN KAKAO DI PERKEBUNAN KAKAO RAKYAT KAB. LUWU UTARA,20202
PELATIHAN ONLINE PENGGUNAAN WEBSITE DAN SISTEM INFORMASI DESA DI KABUPATEN BULUKUMBA,PELATIHAN ONLINE PENGGUNAAN WEBSITE DAN SISTEM INFORMASI DESA DI KABUPATEN BULUKUMBA,20202
PENDAMPINGAN DAN PRAKTEK PEMBUATAN MEDIA PEMBELAJARAN BAGI MAHASISWA,PENDAMPINGAN DAN PRAKTEK PEMBUATAN MEDIA PEMBELAJARAN BAGI MAHASISWA,20202
SOSIALISASI PENGGUNAAN MATERIAL TAMBAHAN SEBAGAI BAHAN ALTERNATIF PENGGANTI TANAH LIAT DALAM PEMBUATAN BATU BATA DI DESA HARAPAN,SOSIALISASI PENGGUNAAN MATERIAL TAMBAHAN SEBAGAI BAHAN ALTERNATIF PENGGANTI TANAH LIAT DALAM PEMBUATAN BATU BATA DI DESA HARAPAN,20202
PENINGKATAN PENGETAHUAN & KETERAMPILAN MASYARKAT DESA LALENTOTENTANG PENERAPAN TEKNOLOGI INFORMASI DI MASYARAKAT & UKM,PENINGKATAN PENGETAHUAN & KETERAMPILAN MASYARKAT DESA LALENTOTENTANG PENERAPAN TEKNOLOGI INFORMASI DI MASYARAKAT & UKM,20202
BIMBINGAN TEKNIS PEMBUATAN MEDIA PEMBELAJARAN DI MASA PANDEMIC COVID 19 BAGI GURU SMPN 2 PALOPO,BIMBINGAN TEKNIS PEMBUATAN MEDIA PEMBELAJARAN DI MASA PANDEMIC COVID 19 BAGI GURU SMPN 2 PALOPO,20202
MONITORING ILLEGAL FISHING MEMANFAATKAN DATA PENGINDERAAN JAUH DENGAN DISCRETE COSINE TRANSFORM DAN NEURAL NETWORK BACKPROPAGATION,MONITORING ILLEGAL FISHING MEMANFAATKAN DATA PENGINDERAAN JAUH DENGAN DISCRETE COSINE TRANSFORM DAN NEURAL NETWORK BACKPROPAGATION,20201
EKSTRAKSI PENYAKIT PADA CITRA MRI OTAK MENGGUNAKAN TEKNIK PENGOLAHAN CITRA DIGITAL,EKSTRAKSI PENYAKIT PADA CITRA MRI OTAK MENGGUNAKAN TEKNIK PENGOLAHAN CITRA DIGITAL,20201
PENGARUH NANOPARTIKEL CORE-SHELL FE3O4@AG TERHADAP PENINGKATAN SENSITIVITAS BIOSENSOR BERBASIS SURFACE PLASMON RESONANCE (SPR),PENGARUH NANOPARTIKEL CORE-SHELL FE3O4@AG TERHADAP PENINGKATAN SENSITIVITAS BIOSENSOR BERBASIS SURFACE PLASMON RESONANCE (SPR),20201
SKEMATIK RANGKAIAN PENYEARAH SETENGAH GELOMBANG PADA RANGKAIAN ELEKTRONIKA ANALOG,SKEMATIK RANGKAIAN PENYEARAH SETENGAH GELOMBANG PADA RANGKAIAN ELEKTRONIKA ANALOG,20201
ANALISA PELAKSANAAN MANAJEMEN ASET INFRASTRUKTUR GEDUNG DEWI SARTIKA UNIVERISTAS NEGERI JAKARTA,ANALISA PELAKSANAAN MANAJEMEN ASET INFRASTRUKTUR GEDUNG DEWI SARTIKA UNIVERISTAS NEGERI JAKARTA,20201
SINTESIS DAN ANALISIS FOTOLUMINESENS CARBON DOTS DARI KANDUNGAN KARBOHIDRAT MUSA CAVENDISHI BERBASIS PEMANASAN MICROWAVE,SINTESIS DAN ANALISIS FOTOLUMINESENS CARBON DOTS DARI KANDUNGAN KARBOHIDRAT MUSA CAVENDISHI BERBASIS PEMANASAN MICROWAVE,20201
ANALISIS MEDIA PEMBELAJARAN BAHASA INGGRIS BAGI MAHASISWA TEKNIK,ANALISIS MEDIA PEMBELAJARAN BAHASA INGGRIS BAGI MAHASISWA TEKNIK,20201
OPTIMALISASI PEMANFAATAN LAHAN SEMPIT UNTUK MENUNJANG KETERSEDIAAN PANGAN DENGAN SISTEM HIDROPONIK,OPTIMALISASI PEMANFAATAN LAHAN SEMPIT UNTUK MENUNJANG KETERSEDIAAN PANGAN DENGAN SISTEM HIDROPONIK,20201
"PENYULUHAN PROTOKOL KESEHATAN PADA MASA KEBIASAAN BARU DAN PEMBAGIAN MASKER, HAND SANITIZER","PENYULUHAN PROTOKOL KESEHATAN PADA MASA KEBIASAAN BARU DAN PEMBAGIAN MASKER, HAND SANITIZER",20201
PENYEMPROTAN DISINFEKTAN DALAM RANGKA PENCEGAHAN COVID 19 PADA RUMAH IBADAH DI KEL. PAJALESANG,PENYEMPROTAN DISINFEKTAN DALAM RANGKA PENCEGAHAN COVID 19 PADA RUMAH IBADAH DI KEL. PAJALESANG,20201
PELATIHAN INOVASI MAKANAN TRADISIONAL SERABI RAGAM RASA (SERAGAM) UNTUK MENINGKATKAN DAYA BELI MASYARAKAT DESA HARAPAN,PELATIHAN INOVASI MAKANAN TRADISIONAL SERABI RAGAM RASA (SERAGAM) UNTUK MENINGKATKAN DAYA BELI MASYARAKAT DESA HARAPAN,20201
UPAYA MENGATASI KEKERINGAN DI KAB. BULUKUMBA SULAWESI SELATAN MELALUI SOSIALISASI PEMETAAN POTENSI AIR BAWAH TANAH (ABT) BERDASARKAN METODA GEOLISTRIK RESISTIVITAS,UPAYA MENGATASI KEKERINGAN DI KAB. BULUKUMBA SULAWESI SELATAN MELALUI SOSIALISASI PEMETAAN POTENSI AIR BAWAH TANAH (ABT) BERDASARKAN METODA GEOLISTRIK RESISTIVITAS,20201
SOSISALISASI PENGGUNAAN K3 ARTL DI KELURAHAN SIPATOKKONG KEC WATANGSAWITTO KAB. PINRANG,SOSISALISASI PENGGUNAAN K3 ARTL DI KELURAHAN SIPATOKKONG KEC WATANGSAWITTO KAB. PINRANG,20201
PELATIHAN PEMBUATAN ANIMASI SEBAGAI MEDIA PEMBELAJARAN DI ERA DIGITAL,PELATIHAN PEMBUATAN ANIMASI SEBAGAI MEDIA PEMBELAJARAN DI ERA DIGITAL,20201
PELATIHAN DESAIN GRAFIS DALAM RANGKA PENGMEBANGAN UMKM PEMUDA MASYARAKAT LIBURENG,PELATIHAN DESAIN GRAFIS DALAM RANGKA PENGMEBANGAN UMKM PEMUDA MASYARAKAT LIBURENG,20201
SOSIALISASI MITIGASI BENCANA DI PANTI ASUHAN BABUL JANNAH DESA KAMIRI KEC. PONRANG KAB. LUWU,SOSIALISASI MITIGASI BENCANA DI PANTI ASUHAN BABUL JANNAH DESA KAMIRI KEC. PONRANG KAB. LUWU,20201
PELATIHAN MICROSOFT OFFICE WORD SEBAGAI PENUNJANG PENYUSUNAN SKRIPSI BAGI MAHASISWA,PELATIHAN MICROSOFT OFFICE WORD SEBAGAI PENUNJANG PENYUSUNAN SKRIPSI BAGI MAHASISWA,20201
WORKSHOP PENGEMBANGAN MEDIA PEMBELAJARAN ABAD 21 DIGITAL SKILL BAGI TENAGA PENDIDIKAN DI SMPN 6 PALOPO,WORKSHOP PENGEMBANGAN MEDIA PEMBELAJARAN ABAD 21 DIGITAL SKILL BAGI TENAGA PENDIDIKAN DI SMPN 6 PALOPO,20201
PENGARUH VARIASI PENAMBAHAN GULA TERHADAP PEMBENTUKAN SERAT (KETEBALAN) NATA DE LANGSAT (LANSIUM DOMESTICUM),PENGARUH VARIASI PENAMBAHAN GULA TERHADAP PEMBENTUKAN SERAT (KETEBALAN) NATA DE LANGSAT (LANSIUM DOMESTICUM),20192
PENGEMBANGAN KURVA POTENSI LIKUIFAKSI BERBASIS CPT HASIL PENGAMATAN GEMPA PALU 2018 DAN GEMPASIGNIFIKAN DI LUAR NEGERI,PENGEMBANGAN KURVA POTENSI LIKUIFAKSI BERBASIS CPT HASIL PENGAMATAN GEMPA PALU 2018 DAN GEMPASIGNIFIKAN DI LUAR NEGERI,20192
MEDULA SPINALIS BELT (MSB) SEBAGAI METODE DALAM MENURUNKAN TINGKAT NYERI PENGGUNG BAWAH PADA PEKERJA BATU BATA DI KELURAHAN LAWAWOI KABUPATEN SIDRAP,MEDULA SPINALIS BELT (MSB) SEBAGAI METODE DALAM MENURUNKAN TINGKAT NYERI PENGGUNG BAWAH PADA PEKERJA BATU BATA DI KELURAHAN LAWAWOI KABUPATEN SIDRAP,20192
ANALYSIS OF THE EFFECT OF FLOW STEERING ANGKE ON VERTICAL SHAFT KINETIC TURBINE PERFORMANCE,ANALYSIS OF THE EFFECT OF FLOW STEERING ANGKE ON VERTICAL SHAFT KINETIC TURBINE PERFORMANCE,20192
BIOGAS FERMENTATION FROM VEGETABLE WASTE AND HORSE RUMEN INVOLVING EFFECTIVE MICROORGANISM,BIOGAS FERMENTATION FROM VEGETABLE WASTE AND HORSE RUMEN INVOLVING EFFECTIVE MICROORGANISM,20192
EFEKTIFITAS RUANG TERBUKA HIJAU LAPANGAN PANCASILA KOTA PALOPO,EFEKTIFITAS RUANG TERBUKA HIJAU LAPANGAN PANCASILA KOTA PALOPO,20192
ANALISIS PENELITIAN MAHASISWA TENTANG KEGIATAN LESSON STUDY DALAM PENGAJARAN BAHASA INGGRIS,ANALISIS PENELITIAN MAHASISWA TENTANG KEGIATAN LESSON STUDY DALAM PENGAJARAN BAHASA INGGRIS,20192
LOW COST BENDING TEST LABORATORY KIT,LOW COST BENDING TEST LABORATORY KIT,20192
"PENERAPAN METODE SEISMIK REKFRAKSI UNTUK MENGETAHUI POTENSI LONGSOR DI DESA BONTO LEMPANGAN, KEC. SINJAI BARAT","PENERAPAN METODE SEISMIK REKFRAKSI UNTUK MENGETAHUI POTENSI LONGSOR DI DESA BONTO LEMPANGAN, KEC. SINJAI BARAT",20192
SOSIALISASI PEMBUATAN DAN PEMBAGIAN HAND SANITIZER BERBAHAN ALAMI,SOSIALISASI PEMBUATAN DAN PEMBAGIAN HAND SANITIZER BERBAHAN ALAMI,20192
KOMPETENSI SURVEYOR TEKNIK SIPIL,KOMPETENSI SURVEYOR TEKNIK SIPIL,20191
ANALISIS RANAH PSIKOMOTOR KOMPETENSI DASAR TEKNIK PENGUKURAN TANAH KURIKULUM SMK TEKNIK KONSTRUKSI DAN PROPERTI,ANALISIS RANAH PSIKOMOTOR KOMPETENSI DASAR TEKNIK PENGUKURAN TANAH KURIKULUM SMK TEKNIK KONSTRUKSI DAN PROPERTI,20191
PREDIKSI SOIL-WATER CHARACTERISTIC CURVE (SWCC) MENGGUNAKAN SIFAT INDEKS PADA TANAH SERPIH (MUDROCK YANG DIKOMPAKSI DI DAERAH CISOMANG,PREDIKSI SOIL-WATER CHARACTERISTIC CURVE (SWCC) MENGGUNAKAN SIFAT INDEKS PADA TANAH SERPIH (MUDROCK YANG DIKOMPAKSI DI DAERAH CISOMANG,20191
PEMANFAATAN TEKNOLOGI RAMAH LINGKUNGAN UNTUK MEMBASMI HAMA TIKUS DI DESA SERITI KEC.LAMASI TIMUR KAB. LUWU,PEMANFAATAN TEKNOLOGI RAMAH LINGKUNGAN UNTUK MEMBASMI HAMA TIKUS DI DESA SERITI KEC.LAMASI TIMUR KAB. LUWU,20191
PEMANFAATAN METODE ECOBRICK UNTUK MENGURANGI SAMPAH PLASTIK DI DESA MALELA,PEMANFAATAN METODE ECOBRICK UNTUK MENGURANGI SAMPAH PLASTIK DI DESA MALELA,20191
TEKNIK PENGOLAHAN AIR BERSIH DESA CEMPAKA BANJARBARU KALIMANTAN SELATAN,TEKNIK PENGOLAHAN AIR BERSIH DESA CEMPAKA BANJARBARU KALIMANTAN SELATAN,20116
DEVELOPMENT OF THE INDONESIA’S SECOND NATIONALLY DETERMINED CONTRIBUTION (NDCS) AND UPDATE LONG TERM-STRATEGY FOR LOW CARBON AND CLIMATE RESILIENCE (LTS-LCCR),DEVELOPMENT OF THE INDONESIA’S SECOND NATIONALLY DETERMINED CONTRIBUTION (NDCS) AND UPDATE LONG TERM-STRATEGY FOR LOW CARBON AND CLIMATE RESILIENCE (LTS-LCCR),20023
RIWAYAT HIPERTENSI DENGAN PENYAKIT JANTUNG PADA PASIEN YANG PERNAH TERPAPAR COVID 19,RIWAYAT HIPERTENSI DENGAN PENYAKIT JANTUNG PADA PASIEN YANG PERNAH TERPAPAR COVID 19,2922
REKONSTRUKSI PENDIDIKAN BERBASIS BERPIKIR KRITIS (PBBK) DALAM MENYIKAPI PERMASALAHAN SOSIAL AKIBAT PENGGUNAAN MEDIA SOSIAL PADA KURIKULUM SEKOLAH MENENGAH PERTAMA,REKONSTRUKSI PENDIDIKAN BERBASIS BERPIKIR KRITIS (PBBK) DALAM MENYIKAPI PERMASALAHAN SOSIAL AKIBAT PENGGUNAAN MEDIA SOSIAL PADA KURIKULUM SEKOLAH MENENGAH PERTAMA,2919
SOSIALISASI TEKNOLOGI METAVERSE BAGI PENINGKATAN KETERAMPILAN SISWA KEJURUAN PADA SMK N 3 SELUMA,SOSIALISASI TEKNOLOGI METAVERSE BAGI PENINGKATAN KETERAMPILAN SISWA KEJURUAN PADA SMK N 3 SELUMA,2322
"PENERAPAN MANAJEMEN STRESS NON FARMAKOLOGIS PADA IBU HAMIL DI BPM FEBRA AYUDIAH, SST, M.H","PENERAPAN MANAJEMEN STRESS NON FARMAKOLOGIS PADA IBU HAMIL DI BPM FEBRA AYUDIAH, SST, M.H",2322
PENGENALAN TEKNOLOGI ARTIFICIAL INTELLIGENCE MENGGUNAKAN APLIKASI CHATGPT UNTUK MEDIA PEMBELAJARAN,PENGENALAN TEKNOLOGI ARTIFICIAL INTELLIGENCE MENGGUNAKAN APLIKASI CHATGPT UNTUK MEDIA PEMBELAJARAN,2322
PERANAN ARTIFICIAL INTELLIGENCE DI DUNIA PENDIDIKAN,PERANAN ARTIFICIAL INTELLIGENCE DI DUNIA PENDIDIKAN,2322
IBM PENINGKATAN PRODUKSI BUDIDAYA MAGGOT DARI SAMPAH ORGANIK DENGAN PENERAPAM DESAIN PROTEKSI HAMA PADA KELOMPOK MINA BAUNG KECAMATAN RUMBAI.,IBM PENINGKATAN PRODUKSI BUDIDAYA MAGGOT DARI SAMPAH ORGANIK DENGAN PENERAPAM DESAIN PROTEKSI HAMA PADA KELOMPOK MINA BAUNG KECAMATAN RUMBAI.,2068
HUBUNGAN ANTARA RIWAYAT STATUS GIZI IBU MASA KEHAMILAN DENGAN RESIKO STUNTING ANAK  BALITA DI PUSKESMAS PINTUANGIN KEC. SIBOLGA UTARA KOTA SIBOLGA PROV. SUMATERA UTARA TAHUN 2023,HUBUNGAN ANTARA RIWAYAT STATUS GIZI IBU MASA KEHAMILAN DENGAN RESIKO STUNTING ANAK  BALITA DI PUSKESMAS PINTUANGIN KEC. SIBOLGA UTARA KOTA SIBOLGA PROV. SUMATERA UTARA TAHUN 2023,2033
OPTIMALISASI PENGUATAN KAPASITAS LDK UKDM DALAM PEMBINAAN MASYARAKAT SUKALUYU MELALUI LITERASI FORMAL DAN NON-FORMAL UNTUK MENINGKATKAN KESEJAHTERAAN MASYARAKAT,OPTIMALISASI PENGUATAN KAPASITAS LDK UKDM DALAM PEMBINAAN MASYARAKAT SUKALUYU MELALUI LITERASI FORMAL DAN NON-FORMAL UNTUK MENINGKATKAN KESEJAHTERAAN MASYARAKAT,2029
CONTRACT FOR PROVISION OF SURVICES FOR PRIORITY SPECIES MANAGEMENT,CONTRACT FOR PROVISION OF SURVICES FOR PRIORITY SPECIES MANAGEMENT,2029
CONTRACT FOR PROVISION OF SURVICES FOR PRIORITY SPECIES MANAGEMENT,CONTRACT FOR PROVISION OF SURVICES FOR PRIORITY SPECIES MANAGEMENT,2028
JURNAL MANAJEMEN DAN BISNIS (PERFORMA),JURNAL MANAJEMEN DAN BISNIS (PERFORMA),2028
"PENGEMBANGAN SENYAWA OBAT ANTIKANKER BERBASIS BIOPROSPECTING DARI ISOLAT AKTINOBAKTERIA PULAU ANGGANO, BENGKULU, INDONESIA SEBAGAI ANGGOTA  PENELITI","PENGEMBANGAN SENYAWA OBAT ANTIKANKER BERBASIS BIOPROSPECTING DARI ISOLAT AKTINOBAKTERIA PULAU ANGGANO, BENGKULU, INDONESIA SEBAGAI ANGGOTA  PENELITI",2027
PERJANJIAN KERJASAMA DENGAN PT MUSI HUTAN PERSADA,PERJANJIAN KERJASAMA DENGAN PT MUSI HUTAN PERSADA,2027
ANALYSIS OF HOUSEHOLD SOCIOECONOMIC AND GENDER-BASED DETERMINANTS OF FOOD AND NUTRIFON AND SECURITY IN RURAL AND URBAN AREAS,ANALYSIS OF HOUSEHOLD SOCIOECONOMIC AND GENDER-BASED DETERMINANTS OF FOOD AND NUTRIFON AND SECURITY IN RURAL AND URBAN AREAS,2027
CENTER FOR INTERNATIONAL FORESTRY – WORLD AGROFORESTRY (CIFOR-ICRAF) RESEARCH PARTNERSHIP,CENTER FOR INTERNATIONAL FORESTRY – WORLD AGROFORESTRY (CIFOR-ICRAF) RESEARCH PARTNERSHIP,2027
PERJANJIAN KERJASAMA DENGAN PT MUSI HUTAN PERSADA (TAHAP 6),PERJANJIAN KERJASAMA DENGAN PT MUSI HUTAN PERSADA (TAHAP 6),2027
FAKULTAS PETERNAKAN DENGAN FAKULTAS PERTANIAN UNIVERSITAS SUMATERA UTARA TENTANG KOLABORASI AKADEMIK DAN RISET INDUSTRI DALAM IMPLEMENTASI KURIKULUM MBKM DAN TRI DHARMA PERGURUAN TINGGI DI BIDANG PETERNAKAN (TAHAP 5),FAKULTAS PETERNAKAN DENGAN FAKULTAS PERTANIAN UNIVERSITAS SUMATERA UTARA TENTANG KOLABORASI AKADEMIK DAN RISET INDUSTRI DALAM IMPLEMENTASI KURIKULUM MBKM DAN TRI DHARMA PERGURUAN TINGGI DI BIDANG PETERNAKAN (TAHAP 5),2027
KEGIATAN INI MERUPAKAN KERJASAMA ANTARA FAKULTAS PETERNAKAN IPB DENGAN PT. PRAMANA PANGAN UTAMA SEBAGAI PENYEWA RUMAH PEMOTONGAN HEWAN (RPH) YANG MELIPUTI BANGUNAN DAN FASILITAS YANG BERLOKASI DI DALAM KAMPUS DRAMAGA (TAHAP 5),KEGIATAN INI MERUPAKAN KERJASAMA ANTARA FAKULTAS PETERNAKAN IPB DENGAN PT. PRAMANA PANGAN UTAMA SEBAGAI PENYEWA RUMAH PEMOTONGAN HEWAN (RPH) YANG MELIPUTI BANGUNAN DAN FASILITAS YANG BERLOKASI DI DALAM KAMPUS DRAMAGA (TAHAP 5),2027
TENTANG PENGELOLAAN KANDANG SAPI PEDAGING LAB LAPANGAN BLOK B (KANDANG BAGIAN DEPAN) FAPET IPB (TAHAP 5),TENTANG PENGELOLAAN KANDANG SAPI PEDAGING LAB LAPANGAN BLOK B (KANDANG BAGIAN DEPAN) FAPET IPB (TAHAP 5),2027
PROGRAM CARBON OFFSET ASTRA DI HUTAN PENDIDIKAN GUNUNG WALAT (TAHAP 6),PROGRAM CARBON OFFSET ASTRA DI HUTAN PENDIDIKAN GUNUNG WALAT (TAHAP 6),2027
PENGELOLAAN PERSEMAIAN PERMANEN DRAMAGA,PENGELOLAAN PERSEMAIAN PERMANEN DRAMAGA,2027
CONTRACT FOR PROVISION OF SURVICES FOR PRIORITY SPECIES MANAGEMENT,CONTRACT FOR PROVISION OF SURVICES FOR PRIORITY SPECIES MANAGEMENT,2027
KONSELING LOGOTERAPI UNTUK MENINGKATKAN KEBERMAKNAAN HIDUP LANSIA BAGI LANSIA PENERIMA MANFAAT PANTI DEWANATA CILACAP,KONSELING LOGOTERAPI UNTUK MENINGKATKAN KEBERMAKNAAN HIDUP LANSIA BAGI LANSIA PENERIMA MANFAAT PANTI DEWANATA CILACAP,2026
DEVELOPMENT OF A VIRTUAL REALITY-BASED EDUCATIONAL PROGRAM FOR PROMOTING DEMENTIA-FRIENDLY CARE AMONG NURSING STUDENTS IN JAPAN AND INDONESIA,DEVELOPMENT OF A VIRTUAL REALITY-BASED EDUCATIONAL PROGRAM FOR PROMOTING DEMENTIA-FRIENDLY CARE AMONG NURSING STUDENTS IN JAPAN AND INDONESIA,2026
DEWAN PAKAR DALAM SUSUNAN PENGURUS DEWAN JAMU INDONESIA DAERAH ISTIMEWA YOGYAKARTA PERIODE 2023-2026,DEWAN PAKAR DALAM SUSUNAN PENGURUS DEWAN JAMU INDONESIA DAERAH ISTIMEWA YOGYAKARTA PERIODE 2023-2026,2026
DEVELOPING THE COMPASSION FATIGUE PREVENTION FRAMEWORK FOR HEALTH CARE AND COMMUNITY SERVICE PROFESSIONALS,DEVELOPING THE COMPASSION FATIGUE PREVENTION FRAMEWORK FOR HEALTH CARE AND COMMUNITY SERVICE PROFESSIONALS,2026
KERJASAMA PENGADAAN GARDEN TOWER,KERJASAMA PENGADAAN GARDEN TOWER,2026
KERJASAMA PT ACA PACIFIC - IPB UNIVERSITY,KERJASAMA PT ACA PACIFIC - IPB UNIVERSITY,2026
PERJANJIAN KERJASAMA FAKULTAS PERTANIAN (DEPT ARL) - FAKULTAS PERTANIAN UNIVERSITAS UDAYANA,PERJANJIAN KERJASAMA FAKULTAS PERTANIAN (DEPT ARL) - FAKULTAS PERTANIAN UNIVERSITAS UDAYANA,2026
WAGENINGEN UNIVERSITY AND RESEARCH,WAGENINGEN UNIVERSITY AND RESEARCH,2026
PERJANJIAN KERJASAMA DENGAN KEPALA ISTANA KEPRESIDENAN BOGOR KEMENTERIAN SEKRETARIAT NEGARA (KEMENSETNEG),PERJANJIAN KERJASAMA DENGAN KEPALA ISTANA KEPRESIDENAN BOGOR KEMENTERIAN SEKRETARIAT NEGARA (KEMENSETNEG),2026
PERJANJIAN KERJASAMA FAKULTAS PERTANIAN (DEPT ARL) - FAKULTAS PERTANIAN UNIVERSITAS UDAYANA (TAHAP 6),PERJANJIAN KERJASAMA FAKULTAS PERTANIAN (DEPT ARL) - FAKULTAS PERTANIAN UNIVERSITAS UDAYANA (TAHAP 6),2026
KERJASAMA PENGADAAN GARDEN TOWER (TAHAP 6),KERJASAMA PENGADAAN GARDEN TOWER (TAHAP 6),2026
PERJANJIAN KERJASAMA ANTARA FAKULTAS PERTANIAN IPB DENGAN FAKULTAS ARSITEKTUR LANSKAP DAN TEKNOLOGI LINGKUNGAN UNIVERSITAS TRISAKTI (TAHAP 6),PERJANJIAN KERJASAMA ANTARA FAKULTAS PERTANIAN IPB DENGAN FAKULTAS ARSITEKTUR LANSKAP DAN TEKNOLOGI LINGKUNGAN UNIVERSITAS TRISAKTI (TAHAP 6),2026
PERJANJIAN KERJASAMA GARDEN TOWER ANTARA FAKULTAS PERTANIAN INSTITUT PERTANIAN BOGOR DENGAN PT. USANA HEALTH SCIENCES INDONESIA (TAHAP 6),PERJANJIAN KERJASAMA GARDEN TOWER ANTARA FAKULTAS PERTANIAN INSTITUT PERTANIAN BOGOR DENGAN PT. USANA HEALTH SCIENCES INDONESIA (TAHAP 6),2026
KERJASAMA PT ACA PACIFIC - IPB UNIVERSITY (TAHAP 6),KERJASAMA PT ACA PACIFIC - IPB UNIVERSITY (TAHAP 6),2026
PERJANJIAN KERJASAMA DENGAN PT MUSI HUTAN PERSADA (TAHAP 5),PERJANJIAN KERJASAMA DENGAN PT MUSI HUTAN PERSADA (TAHAP 5),2026
FAKULTAS PETERNAKAN DENGAN FAKULTAS PERTANIAN UNIVERSITAS SUMATERA UTARA TENTANG KOLABORASI AKADEMIK DAN RISET INDUSTRI DALAM IMPLEMENTASI KURIKULUM MBKM DAN TRI DHARMA PERGURUAN TINGGI DI BIDANG PETERNAKAN (TAHAP 4),FAKULTAS PETERNAKAN DENGAN FAKULTAS PERTANIAN UNIVERSITAS SUMATERA UTARA TENTANG KOLABORASI AKADEMIK DAN RISET INDUSTRI DALAM IMPLEMENTASI KURIKULUM MBKM DAN TRI DHARMA PERGURUAN TINGGI DI BIDANG PETERNAKAN (TAHAP 4),2026
KEGIATAN INI MERUPAKAN KERJASAMA ANTARA FAKULTAS PETERNAKAN IPB DENGAN PT. PRAMANA PANGAN UTAMA SEBAGAI PENYEWA RUMAH PEMOTONGAN HEWAN (RPH) YANG MELIPUTI BANGUNAN DAN FASILITAS YANG BERLOKASI DI DALAM KAMPUS DRAMAGA (TAHAP 4),KEGIATAN INI MERUPAKAN KERJASAMA ANTARA FAKULTAS PETERNAKAN IPB DENGAN PT. PRAMANA PANGAN UTAMA SEBAGAI PENYEWA RUMAH PEMOTONGAN HEWAN (RPH) YANG MELIPUTI BANGUNAN DAN FASILITAS YANG BERLOKASI DI DALAM KAMPUS DRAMAGA (TAHAP 4),2026
KERJASAMA FAKULTAS PETERNAKAN DENGAN PT NUTFAH UNGGUL INTIMAKMUR TENTANG PENGEMBANGAN AYAM D2 IPB (TAHAP 5),KERJASAMA FAKULTAS PETERNAKAN DENGAN PT NUTFAH UNGGUL INTIMAKMUR TENTANG PENGEMBANGAN AYAM D2 IPB (TAHAP 5),2026
KERJASAMA FAPET DENGAN GIANT NOMAN PRACEKA & PARTNER TENTANG KERJASAMA PENGELOLAAN KANDANG SAPI PEDAGING LABORATORIUM LAPANGAN BLOK B FAKULTAS PETERNAKAN IPB (TAHAP 5),KERJASAMA FAPET DENGAN GIANT NOMAN PRACEKA & PARTNER TENTANG KERJASAMA PENGELOLAAN KANDANG SAPI PEDAGING LABORATORIUM LAPANGAN BLOK B FAKULTAS PETERNAKAN IPB (TAHAP 5),2026
KERJASAMA FAPET DENGAN PT PRIMA AGROSTIS NUSANTARA TENTANG PENGELOLAAN PRODUK SORINFER UNTUK PAKAN TERNAK DI UP3J FAPET IPB (TAHAP 4),KERJASAMA FAPET DENGAN PT PRIMA AGROSTIS NUSANTARA TENTANG PENGELOLAAN PRODUK SORINFER UNTUK PAKAN TERNAK DI UP3J FAPET IPB (TAHAP 4),2026
"KERJASAMA FAPET IPB DENGAN PT PERKEBUNAN NUSANTARA IV MENGENAI INOVASI COMPLETE FEED SEGAR, PELLET, SILASE, DAN WAFER BERBASIS PKM-INDIGOFERA PRODUK PT PERKEBUNAN NUSANTARA IV UNTUK MENINGKATKAN PERFORMA DOMBA","KERJASAMA FAPET IPB DENGAN PT PERKEBUNAN NUSANTARA IV MENGENAI INOVASI COMPLETE FEED SEGAR, PELLET, SILASE, DAN WAFER BERBASIS PKM-INDIGOFERA PRODUK PT PERKEBUNAN NUSANTARA IV UNTUK MENINGKATKAN PERFORMA DOMBA",2026
KERJASAMA FAPET DENGAN KELOMPOK TANI DARUSSA'ADAH (TAHAP 4),KERJASAMA FAPET DENGAN KELOMPOK TANI DARUSSA'ADAH (TAHAP 4),2026
PERJANJIAN KERJASAMA FAPET DENGAN CV SARI BURTON TENTANG KERJASAMA AKADMIK DAN RISET DALAM IMPLEMENTASI KEGIATAN MBKM PROGRAM KEDAIREKA (TAHAP 5),PERJANJIAN KERJASAMA FAPET DENGAN CV SARI BURTON TENTANG KERJASAMA AKADMIK DAN RISET DALAM IMPLEMENTASI KEGIATAN MBKM PROGRAM KEDAIREKA (TAHAP 5),2026
TENTANG PENGELOLAAN KANDANG SAPI PEDAGING LAB LAPANGAN BLOK B (KANDANG BAGIAN DEPAN) FAPET IPB (TAHAP 4),TENTANG PENGELOLAAN KANDANG SAPI PEDAGING LAB LAPANGAN BLOK B (KANDANG BAGIAN DEPAN) FAPET IPB (TAHAP 4),2026
KERJASAMA FAPET DENGAN PT PERFORMA QUALITA MANDIRI TENTANG KERJASAMA AKADEMIK DAN RISET INDUSTRI DALAM IMPLEMENTASI MBKM PROGRAM KEDAIREKA (TAHAP 5),KERJASAMA FAPET DENGAN PT PERFORMA QUALITA MANDIRI TENTANG KERJASAMA AKADEMIK DAN RISET INDUSTRI DALAM IMPLEMENTASI MBKM PROGRAM KEDAIREKA (TAHAP 5),2026
PROGRAM CARBON OFFSET ASTRA DI HUTAN PENDIDIKAN GUNUNG WALAT (TAHAP 5),PROGRAM CARBON OFFSET ASTRA DI HUTAN PENDIDIKAN GUNUNG WALAT (TAHAP 5),2026
INDO YTNC NCS MODEL - MANGROVES INDONESIA (TAHAP 4),INDO YTNC NCS MODEL - MANGROVES INDONESIA (TAHAP 4),2026
PENELITIAN KURA-KURA MONCONG BABI DAN HERPETOFAUNA DI WILAYAH KERJA KORINDO GROUP (TAHAP 4),PENELITIAN KURA-KURA MONCONG BABI DAN HERPETOFAUNA DI WILAYAH KERJA KORINDO GROUP (TAHAP 4),2026
PENELITIAN EKOLOGI PERILAKU DAN KESESUAIAN HABITAT CENDRAWASIH KUNING BESAR DI AREA KERJA KORINDO GROUP DAN TSE GROUP (TAHAP 4),PENELITIAN EKOLOGI PERILAKU DAN KESESUAIAN HABITAT CENDRAWASIH KUNING BESAR DI AREA KERJA KORINDO GROUP DAN TSE GROUP (TAHAP 4),2026
PENGELOLAAN PERSEMAIAN PERMANEN DRAMAGA,PENGELOLAAN PERSEMAIAN PERMANEN DRAMAGA,2026
CONTRACT FOR PROVISION OF SURVICES FOR PRIORITY SPECIES MANAGEMENT,CONTRACT FOR PROVISION OF SURVICES FOR PRIORITY SPECIES MANAGEMENT,2026
"PROVISION OF ENVIRONMENTAL MONITORING SERVICES OF ENVIRONMENTAL PERMIT IMPLEMENTATION AND OTHERS ENVIRONMENTAL MONITORING COMPLIANCE AT KEPODANG FIELD, MURIAH BLOCK PERIOD 2023 – 2025 TAHAP 4","PROVISION OF ENVIRONMENTAL MONITORING SERVICES OF ENVIRONMENTAL PERMIT IMPLEMENTATION AND OTHERS ENVIRONMENTAL MONITORING COMPLIANCE AT KEPODANG FIELD, MURIAH BLOCK PERIOD 2023 – 2025 TAHAP 4",2026
INCENTIVE-BASED APPROACHES FOR BIODIVERSITY AND WELL-BEING OUTCOMES IN SMALL-SCALE FISHERIES TAHAP 4,INCENTIVE-BASED APPROACHES FOR BIODIVERSITY AND WELL-BEING OUTCOMES IN SMALL-SCALE FISHERIES TAHAP 4,2026
"PENDIDIKAN, PENELITIAN, DAN PENGABDIAN PADA MASYARAKAT DALAM RANGKA KAMPUS MEREKA-MERDEKA BELAJAR","PENDIDIKAN, PENELITIAN, DAN PENGABDIAN PADA MASYARAKAT DALAM RANGKA KAMPUS MEREKA-MERDEKA BELAJAR",2026
"PERJANJIAN KERJASAMA FAPET DENGAN PT PESONA KHATULISTIWA NUSANTARA TENTANG KERJASAMA PENDIDIKAN, PENELITIAN DAN PENGABDIAN MASYARAKAT (TAHAP 5)","PERJANJIAN KERJASAMA FAPET DENGAN PT PESONA KHATULISTIWA NUSANTARA TENTANG KERJASAMA PENDIDIKAN, PENELITIAN DAN PENGABDIAN MASYARAKAT (TAHAP 5)",2026
KAJIAN KEBIJAKAN DAN STRATEGI PENURUNAN EMISI KARBON PADA BLUE CARBON ECOSYTEMS : PERSPEKTIF    SISTEM SOSIAL-EKOLOGI (LANJUTAN 4),KAJIAN KEBIJAKAN DAN STRATEGI PENURUNAN EMISI KARBON PADA BLUE CARBON ECOSYTEMS : PERSPEKTIF    SISTEM SOSIAL-EKOLOGI (LANJUTAN 4),2026
PENGEMBANGAN EKOWISATA BERBASIS BUDAYA KEMARITIMAN DAN INDUSTRI KREATIF BANYUWANGI UNTUK KESEJAHTERAAN MASYARAKAT,PENGEMBANGAN EKOWISATA BERBASIS BUDAYA KEMARITIMAN DAN INDUSTRI KREATIF BANYUWANGI UNTUK KESEJAHTERAAN MASYARAKAT,2026
KAJIAN EKSPERIMENTAL KINERJA MOTOR BAKAR YANG MENGGUNAKAN BAHAN BAKAR ALTERNATIF YANG BERASAL DARI CAMPURAN HASIL PIROLISIS LIMBAH PLASTIK DAN BIJI KARET,KAJIAN EKSPERIMENTAL KINERJA MOTOR BAKAR YANG MENGGUNAKAN BAHAN BAKAR ALTERNATIF YANG BERASAL DARI CAMPURAN HASIL PIROLISIS LIMBAH PLASTIK DAN BIJI KARET,2026
KEANEKARAGAMAN ANOPHELES SPP DI DAERAH ENDEMIS MALARIA DI DESA RAMPAH KECAMATAN KUTAMBARU KABUPATEN LANGKAT,KEANEKARAGAMAN ANOPHELES SPP DI DAERAH ENDEMIS MALARIA DI DESA RAMPAH KECAMATAN KUTAMBARU KABUPATEN LANGKAT,2026
REMNANT FOREST SEBAGAI KAWASAN PELESTARIAN BIODIVERSITAS PADA BENTANG ANTROPOGENIK SUMATERA UNTUK MENDUKUNG RESILIENSI EKOSISTEM,REMNANT FOREST SEBAGAI KAWASAN PELESTARIAN BIODIVERSITAS PADA BENTANG ANTROPOGENIK SUMATERA UNTUK MENDUKUNG RESILIENSI EKOSISTEM,2026
DEKOMPOSISI SERASAH DAUN RHIZOPHORA MUCRONATA DAN AVICENNIA MARINA OLEH FUNGI PADA BERBAGAI TINGKAT SALINITAS DAN PENYEDIA PAKAN PERAIRAN BELAWAN,DEKOMPOSISI SERASAH DAUN RHIZOPHORA MUCRONATA DAN AVICENNIA MARINA OLEH FUNGI PADA BERBAGAI TINGKAT SALINITAS DAN PENYEDIA PAKAN PERAIRAN BELAWAN,2026
KESESUAIAN HABITAT BUNGA BANGKAI (AMORPHOPHALLUS SP) DALAM UPAYA PELESTARIAN KEANEKARAGAMAN HAYATI,KESESUAIAN HABITAT BUNGA BANGKAI (AMORPHOPHALLUS SP) DALAM UPAYA PELESTARIAN KEANEKARAGAMAN HAYATI,2026
KETAHANAN TANAMAN TERHADAP CEKAMAN ABIOTIK DENGAN MENGGUNAKAN BAKTERI UNGGUL PENGHASIL ENZIM 1- AMINOCYCLOPROPANE-1-CARBOXYLATE (ACC) DEAMINASE DAN KEMAMPUANNYA DALAM MENINGKATKAN KESUBURAN TANAH,KETAHANAN TANAMAN TERHADAP CEKAMAN ABIOTIK DENGAN MENGGUNAKAN BAKTERI UNGGUL PENGHASIL ENZIM 1- AMINOCYCLOPROPANE-1-CARBOXYLATE (ACC) DEAMINASE DAN KEMAMPUANNYA DALAM MENINGKATKAN KESUBURAN TANAH,2026
"EKSPLORASI BIODIVERSITAS SUMBERDAYA IKAN DI KEPULAUAN 3T (TERDEPAN, TERLUAR, TERTINGGAL) PERAIRAN NIAS DAN PULAU- PULAU KECIL SEKITARNYA","EKSPLORASI BIODIVERSITAS SUMBERDAYA IKAN DI KEPULAUAN 3T (TERDEPAN, TERLUAR, TERTINGGAL) PERAIRAN NIAS DAN PULAU- PULAU KECIL SEKITARNYA",2026
"ANALISIS DAN EFEKTIVITAS FENOLAT MINYAK KELAPA SAWIT MERAH (ELAEIS GUINEENSIS), TEMURUI (MURRAYA KOENIGII), DAN BIJI MARKISA (PASSIFLORA EDULIS) SEBAGAI NEUROPROTEKTIF DAN EFEKNYA PADA GEN REGULASI BRAIN DERIVED NEUROTROPHIC FACTOR PADA TIKUS INDUKSI LPS","ANALISIS DAN EFEKTIVITAS FENOLAT MINYAK KELAPA SAWIT MERAH (ELAEIS GUINEENSIS), TEMURUI (MURRAYA KOENIGII), DAN BIJI MARKISA (PASSIFLORA EDULIS) SEBAGAI NEUROPROTEKTIF DAN EFEKNYA PADA GEN REGULASI BRAIN DERIVED NEUROTROPHIC FACTOR PADA TIKUS INDUKSI LPS",2026
PENGEMBANGAN NANOPARTIKEL EKSTRAK HERBA KROKOT (PORTULACA OLERACEA L.) TERSTANDAR SEBAGAI KEMOTERAPI TAMBAHAN DALAM PENGOBATAN KANKER PAYUDARA,PENGEMBANGAN NANOPARTIKEL EKSTRAK HERBA KROKOT (PORTULACA OLERACEA L.) TERSTANDAR SEBAGAI KEMOTERAPI TAMBAHAN DALAM PENGOBATAN KANKER PAYUDARA,2026
"FAKTOR-FAKTOR MAKRO EKONOMI, BIAYA, DAN PREFERENSI WISATA MEDIS INDONESIA","FAKTOR-FAKTOR MAKRO EKONOMI, BIAYA, DAN PREFERENSI WISATA MEDIS INDONESIA",2026
PEMANFAATAN METABOLIT SEKUNDER DARI LIMBAH KAYU GERGAJIAN SEBAGAI ZAT WARNA ALAMI DAN AGEN ANTI BAKTERI PADA TEKSTIL UNTUK FASHION RAMAH LINGKUNGAN,PEMANFAATAN METABOLIT SEKUNDER DARI LIMBAH KAYU GERGAJIAN SEBAGAI ZAT WARNA ALAMI DAN AGEN ANTI BAKTERI PADA TEKSTIL UNTUK FASHION RAMAH LINGKUNGAN,2026
ANALISIS REALISASI PENCAPAIAN HASIL LELANG TERHADAP NILAI AGUNAN DI SEKTOR PERBANKAN,ANALISIS REALISASI PENCAPAIAN HASIL LELANG TERHADAP NILAI AGUNAN DI SEKTOR PERBANKAN,2026
"POTENSI EKONOMI, SOSIAL DAN EKOLOGI POHON PENGHASIL GAHARU ( AQUILARIA MALACCENSIS LAMK) UNTUK KEBERLANJUTAN PENGELOLAAN HUTAN TANAMAN RAKYAT DI SUMATERA UTARA","POTENSI EKONOMI, SOSIAL DAN EKOLOGI POHON PENGHASIL GAHARU ( AQUILARIA MALACCENSIS LAMK) UNTUK KEBERLANJUTAN PENGELOLAAN HUTAN TANAMAN RAKYAT DI SUMATERA UTARA",2026
MEMBANGUN KEUNGGULAN BERSAING DENGAN TRANSFORMASI SUMBER DAYA MANUSIA PADA WIRAUSAHA KECIL PEREMPUAN (IMPLEMENTASI MODEL PENGUATAN SOCIAL ENTREPRENEUR),MEMBANGUN KEUNGGULAN BERSAING DENGAN TRANSFORMASI SUMBER DAYA MANUSIA PADA WIRAUSAHA KECIL PEREMPUAN (IMPLEMENTASI MODEL PENGUATAN SOCIAL ENTREPRENEUR),2026
PENYEBARAN RUMOR PADA JARINGAN SOSIAL DALAM PENGARUH MEDIA MASSA,PENYEBARAN RUMOR PADA JARINGAN SOSIAL DALAM PENGARUH MEDIA MASSA,2026
KONVERGENSI-P TAK TERBATAS PADA LATTICE VEKTOR BERNORMA LATTICE DAN APLIKASINYA PADA RATA-RATA CESàRO,KONVERGENSI-P TAK TERBATAS PADA LATTICE VEKTOR BERNORMA LATTICE DAN APLIKASINYA PADA RATA-RATA CESàRO,2026
PERUBAHAN PENGGUNAAN DAN TUTUPAN LAHAN SEBAGAI DASAR PERENCANAAN DAN STRATEGI PENGAMBILAN KEPUTUSAN,PERUBAHAN PENGGUNAAN DAN TUTUPAN LAHAN SEBAGAI DASAR PERENCANAAN DAN STRATEGI PENGAMBILAN KEPUTUSAN,2026
PABRIKASI N-GRAFENA DENGAN METODE CHEMICAL VAPOUR DEPOSITION PADA NICKEL FOAM DENGAN LOGAM ZN SEBAGAI ANODA BATERAI SEKUNDER,PABRIKASI N-GRAFENA DENGAN METODE CHEMICAL VAPOUR DEPOSITION PADA NICKEL FOAM DENGAN LOGAM ZN SEBAGAI ANODA BATERAI SEKUNDER,2026
